Data,Organisation unit,Area,Period,Value,Numerator,Denominator,Factor,Multiplier,Divisor
Measles doses given,Western Area,Western Area,April 2021 - March 2022,24260,,,,,
Measles doses given,Kailahun,Eastern Area,April 2021 - March 2022,4201,,,,,
BCG doses given,Kambia,Western Area,April 2016 - March 2017,2991,,,,,
Measles doses given,Kono,Northern Area,April 2021 - March 2022,1768,,,,,
Yellow Fever doses given,Bo,Southern Area,April 2016 - March 2017,7692,,,,,
Measles doses given,Pujehun,Eastern Area,April 2015 - March 2016,2638,,,,,
Yellow Fever doses given,Tonkolili,Northern Area,April 2022 - March 2023,2805,,,,,
Measles doses given,Moyamba,Southern Area,April 2017 - March 2018,3760,,,,,
BCG doses given,Bo,Southern Area,April 2018 - March 2019,10113,,,,,
Yellow Fever doses given,Tonkolili,Northern Area,April 2019 - March 2020,3172,,,,,
Measles doses given,Moyamba,Southern Area,April 2020 - March 2021,3679,,,,,
Measles doses given,Koinadugu,Northern Area,April 2023 - March 2024,1575,,,,,
BCG doses given,Pujehun,Eastern Area,April 2020 - March 2021,2557,,,,,
Yellow Fever doses given,Pujehun,Eastern Area,April 2015 - March 2016,2579,,,,,
BCG doses given,Bonthe,Southern Area,April 2017 - March 2018,2044,,,,,
Measles doses given,Kono,Northern Area,April 2018 - March 2019,2007,,,,,
Yellow Fever doses given,Western Area,Western Area,April 2023 - March 2024,24723,,,,,
Yellow Fever doses given,Port Loko,Western Area,April 2015 - March 2016,4576,,,,,
Yellow Fever doses given,Moyamba,Southern Area,April 2022 - March 2023,3402,,,,,
Measles doses given,Western Area,Western Area,April 2018 - March 2019,27600,,,,,
Measles doses given,Bombali,Northern Area,April 2023 - March 2024,3689,,,,,
Yellow Fever doses given,Bombali,Northern Area,April 2023 - March 2024,3676,,,,,
Measles doses given,Kailahun,Eastern Area,April 2018 - March 2019,4842,,,,,
Yellow Fever doses given,Kailahun,Eastern Area,April 2023 - March 2024,4322,,,,,
Yellow Fever doses given,Bonthe,Southern Area,April 2015 - March 2016,1353,,,,,
BCG doses given,Moyamba,Southern Area,April 2024 - March 2025,2392,,,,,
BCG doses given,Bo,Southern Area,April 2016 - March 2017,9834,,,,,
BCG doses given,Tonkolili,Northern Area,April 2022 - March 2023,3889,,,,,
BCG doses given,Moyamba,Southern Area,April 2019 - March 2020,5145,,,,,
Measles doses given,Bonthe,Southern Area,April 2015 - March 2016,1353,,,,,
Yellow Fever doses given,Pujehun,Eastern Area,April 2017 - March 2018,2671,,,,,
Yellow Fever doses given,Kono,Northern Area,April 2021 - March 2022,1841,,,,,
BCG doses given,Bo,Southern Area,April 2021 - March 2022,7699,,,,,
Yellow Fever doses given,Pujehun,Eastern Area,April 2020 - March 2021,2493,,,,,
Measles doses given,Port Loko,Western Area,April 2015 - March 2016,4784,,,,,
BCG doses given,Port Loko,Western Area,April 2017 - March 2018,5568,,,,,
Measles doses given,Kono,Northern Area,April 2023 - March 2024,1834,,,,,
Yellow Fever doses given,Koinadugu,Northern Area,April 2023 - March 2024,1519,,,,,
BCG doses given,Kailahun,Eastern Area,April 2023 - March 2024,4583,,,,,
BCG doses given,Kambia,Western Area,April 2018 - March 2019,3022,,,,,
BCG doses given,Western Area,Western Area,April 2023 - March 2024,36529,,,,,
BCG doses given,Bombali,Northern Area,April 2023 - March 2024,5026,,,,,
BCG doses given,Moyamba,Southern Area,April 2022 - March 2023,4583,,,,,
Measles doses given,Tonkolili,Northern Area,April 2020 - March 2021,2877,,,,,
Yellow Fever doses given,Moyamba,Southern Area,April 2019 - March 2020,3769,,,,,
Measles doses given,Bombali,Northern Area,April 2021 - March 2022,3675,,,,,
BCG doses given,Western Area,Western Area,April 2021 - March 2022,36133,,,,,
Measles doses given,Tonkolili,Northern Area,April 2015 - March 2016,2840,,,,,
Measles doses given,Kambia,Western Area,April 2024 - March 2025,861,,,,,
Yellow Fever doses given,Koinadugu,Northern Area,April 2021 - March 2022,1487,,,,,
Yellow Fever doses given,Bonthe,Southern Area,April 2020 - March 2021,1376,,,,,
BCG doses given,Kailahun,Eastern Area,April 2018 - March 2019,5056,,,,,
BCG doses given,Bonthe,Southern Area,April 2019 - March 2020,2084,,,,,
Measles doses given,Koinadugu,Northern Area,April 2018 - March 2019,1727,,,,,
Yellow Fever doses given,Bonthe,Southern Area,April 2017 - March 2018,1395,,,,,
BCG doses given,Kailahun,Eastern Area,April 2021 - March 2022,4783,,,,,
Measles doses given,Kailahun,Eastern Area,April 2016 - March 2017,4782,,,,,
Yellow Fever doses given,Bo,Southern Area,April 2018 - March 2019,7511,,,,,
BCG doses given,Koinadugu,Northern Area,April 2023 - March 2024,1700,,,,,
Measles doses given,Western Area,Western Area,April 2016 - March 2017,26931,,,,,
Yellow Fever doses given,Moyamba,Southern Area,April 2015 - March 2016,3664,,,,,
Measles doses given,Bombali,Northern Area,April 2018 - March 2019,4054,,,,,
Yellow Fever doses given,Tonkolili,Northern Area,April 2024 - March 2025,1434,,,,,
Measles doses given,Koinadugu,Northern Area,April 2021 - March 2022,1523,,,,,
Measles doses given,Moyamba,Southern Area,April 2022 - March 2023,3396,,,,,
Yellow Fever doses given,Bombali,Northern Area,April 2018 - March 2019,4046,,,,,
BCG doses given,Pujehun,Eastern Area,April 2024 - March 2025,1589,,,,,
Measles doses given,Bo,Southern Area,April 2016 - March 2017,7598,,,,,
Yellow Fever doses given,Kailahun,Eastern Area,April 2018 - March 2019,4757,,,,,
BCG doses given,Bombali,Northern Area,April 2021 - March 2022,5202,,,,,
Measles doses given,Tonkolili,Northern Area,April 2022 - March 2023,2642,,,,,
Measles doses given,Moyamba,Southern Area,April 2019 - March 2020,3763,,,,,
BCG doses given,Bonthe,Southern Area,April 2020 - March 2021,2043,,,,,
Yellow Fever doses given,Western Area,Western Area,April 2018 - March 2019,27336,,,,,
BCG doses given,Port Loko,Western Area,April 2015 - March 2016,5365,,,,,
Yellow Fever doses given,Western Area,Western Area,April 2021 - March 2022,23919,,,,,
Measles doses given,Tonkolili,Northern Area,April 2019 - March 2020,2943,,,,,
BCG doses given,Kono,Northern Area,April 2023 - March 2024,2847,,,,,
Yellow Fever doses given,Kono,Northern Area,April 2023 - March 2024,1885,,,,,
BCG doses given,Pujehun,Eastern Area,April 2017 - March 2018,2574,,,,,
BCG doses given,Tonkolili,Northern Area,April 2024 - March 2025,1974,,,,,
Yellow Fever doses given,Kailahun,Eastern Area,April 2021 - March 2022,4124,,,,,
Yellow Fever doses given,Kambia,Western Area,April 2016 - March 2017,1760,,,,,
Yellow Fever doses given,Tonkolili,Northern Area,April 2015 - March 2016,3080,,,,,
Yellow Fever doses given,Bombali,Northern Area,April 2021 - March 2022,3662,,,,,
Yellow Fever doses given,Pujehun,Eastern Area,April 2024 - March 2025,1596,,,,,
Yellow Fever doses given,Koinadugu,Northern Area,April 2016 - March 2017,1644,,,,,
Measles doses given,Port Loko,Western Area,April 2019 - March 2020,4902,,,,,
Yellow Fever doses given,Bonthe,Southern Area,April 2023 - March 2024,1259,,,,,
BCG doses given,Kambia,Western Area,April 2024 - March 2025,1412,,,,,
Yellow Fever doses given,Bombali,Northern Area,April 2015 - March 2016,3931,,,,,
BCG doses given,Koinadugu,Northern Area,April 2018 - March 2019,1881,,,,,
Measles doses given,Bonthe,Southern Area,April 2019 - March 2020,1416,,,,,
Measles doses given,Kambia,Western Area,April 2019 - March 2020,1881,,,,,
Measles doses given,Koinadugu,Northern Area,April 2015 - March 2016,1648,,,,,
Measles doses given,Bonthe,Southern Area,April 2022 - March 2023,1252,,,,,
BCG doses given,Kono,Northern Area,April 2015 - March 2016,3101,,,,,
Yellow Fever doses given,Kambia,Western Area,April 2022 - March 2023,1656,,,,,
BCG doses given,Koinadugu,Northern Area,April 2017 - March 2018,2013,,,,,
BCG doses given,Bonthe,Southern Area,April 2024 - March 2025,1143,,,,,
Measles doses given,Port Loko,Western Area,April 2018 - March 2019,4365,,,,,
Measles doses given,Port Loko,Western Area,April 2022 - March 2023,4186,,,,,
BCG doses given,Port Loko,Western Area,April 2024 - March 2025,2565,,,,,
BCG doses given,Kono,Northern Area,April 2016 - March 2017,3107,,,,,
Measles doses given,Koinadugu,Northern Area,April 2016 - March 2017,1718,,,,,
Measles doses given,Bonthe,Southern Area,April 2023 - March 2024,1236,,,,,
Yellow Fever doses given,Western Area,Western Area,April 2015 - March 2016,25807,,,,,
Measles doses given,Kambia,Western Area,April 2018 - March 2019,1782,,,,,
Measles doses given,Bonthe,Southern Area,April 2018 - March 2019,1362,,,,,
Yellow Fever doses given,Port Loko,Western Area,April 2021 - March 2022,4227,,,,,
Yellow Fever doses given,Bonthe,Southern Area,April 2019 - March 2020,1443,,,,,
Yellow Fever doses given,Koinadugu,Northern Area,April 2020 - March 2021,1644,,,,,
BCG doses given,Bo,Southern Area,April 2024 - March 2025,4351,,,,,
Measles doses given,Port Loko,Western Area,April 2017 - March 2018,4886,,,,,
Yellow Fever doses given,Koinadugu,Northern Area,April 2015 - March 2016,1587,,,,,
Measles doses given,Port Loko,Western Area,April 2020 - March 2021,4268,,,,,
Yellow Fever doses given,Bombali,Northern Area,April 2017 - March 2018,4012,,,,,
Measles doses given,Koinadugu,Northern Area,April 2017 - March 2018,1678,,,,,
Measles doses given,Bo,Southern Area,April 2022 - March 2023,7381,,,,,
BCG doses given,Western Area,Western Area,April 2018 - March 2019,40355,,,,,
BCG doses given,Port Loko,Western Area,April 2022 - March 2023,4909,,,,,
Measles doses given,Pujehun,Eastern Area,April 2021 - March 2022,2421,,,,,
BCG doses given,Koinadugu,Northern Area,April 2021 - March 2022,1838,,,,,
Yellow Fever doses given,Bonthe,Southern Area,April 2021 - March 2022,1277,,,,,
BCG doses given,Kambia,Western Area,April 2023 - March 2024,2757,,,,,
Measles doses given,Bombali,Northern Area,April 2016 - March 2017,3982,,,,,
Measles doses given,Kambia,Western Area,April 2021 - March 2022,1690,,,,,
BCG doses given,Koinadugu,Northern Area,April 2019 - March 2020,2038,,,,,
BCG doses given,Bombali,Northern Area,April 2018 - March 2019,5459,,,,,
Yellow Fever doses given,Bo,Southern Area,April 2021 - March 2022,7105,,,,,
BCG doses given,Port Loko,Western Area,April 2019 - March 2020,5677,,,,,
Measles doses given,Pujehun,Eastern Area,April 2020 - March 2021,2515,,,,,
Yellow Fever doses given,Port Loko,Western Area,April 2017 - March 2018,4706,,,,,
Yellow Fever doses given,Kambia,Western Area,April 2017 - March 2018,1850,,,,,
BCG doses given,Bo,Southern Area,April 2023 - March 2024,7573,,,,,
Measles doses given,Koinadugu,Northern Area,April 2020 - March 2021,1731,,,,,
Yellow Fever doses given,Tonkolili,Northern Area,April 2016 - March 2017,2971,,,,,
BCG doses given,Western Area,Western Area,April 2019 - March 2020,39777,,,,,
Measles doses given,Bombali,Northern Area,April 2020 - March 2021,3979,,,,,
Measles doses given,Bo,Southern Area,April 2018 - March 2019,7767,,,,,
Yellow Fever doses given,Kailahun,Eastern Area,April 2016 - March 2017,4697,,,,,
BCG doses given,Bombali,Northern Area,April 2022 - March 2023,5114,,,,,
Measles doses given,Bombali,Northern Area,April 2017 - March 2018,4024,,,,,
Yellow Fever doses given,Port Loko,Western Area,April 2020 - March 2021,4076,,,,,
Yellow Fever doses given,Tonkolili,Northern Area,April 2017 - March 2018,3137,,,,,
Yellow Fever doses given,Bombali,Northern Area,April 2020 - March 2021,3989,,,,,
BCG doses given,Western Area,Western Area,April 2022 - March 2023,36331,,,,,
Measles doses given,Pujehun,Eastern Area,April 2017 - March 2018,2631,,,,,
BCG doses given,Koinadugu,Northern Area,April 2022 - March 2023,1769,,,,,
Yellow Fever doses given,Bo,Southern Area,April 2020 - March 2021,7329,,,,,
Yellow Fever doses given,Bonthe,Southern Area,April 2018 - March 2019,1378,,,,,
Yellow Fever doses given,Kambia,Western Area,April 2018 - March 2019,1815,,,,,
Yellow Fever doses given,Kailahun,Eastern Area,April 2020 - March 2021,4675,,,,,
Yellow Fever doses given,Western Area,Western Area,April 2020 - March 2021,26698,,,,,
BCG doses given,Bonthe,Southern Area,April 2015 - March 2016,2013,,,,,
Measles doses given,Kailahun,Eastern Area,April 2017 - March 2018,4638,,,,,
Yellow Fever doses given,Moyamba,Southern Area,April 2017 - March 2018,3775,,,,,
BCG doses given,Pujehun,Eastern Area,April 2019 - March 2020,2615,,,,,
Measles doses given,Western Area,Western Area,April 2017 - March 2018,26705,,,,,
Yellow Fever doses given,Kambia,Western Area,April 2021 - March 2022,1682,,,,,
BCG doses given,Port Loko,Western Area,April 2023 - March 2024,4768,,,,,
BCG doses given,Kailahun,Eastern Area,April 2022 - March 2023,4683,,,,,
Yellow Fever doses given,Tonkolili,Northern Area,April 2020 - March 2021,2970,,,,,
Measles doses given,Bo,Southern Area,April 2021 - March 2022,6890,,,,,
BCG doses given,Bombali,Northern Area,April 2019 - March 2020,5839,,,,,
Measles doses given,Tonkolili,Northern Area,April 2017 - March 2018,2909,,,,,
Yellow Fever doses given,Kono,Northern Area,April 2018 - March 2019,2063,,,,,
Yellow Fever doses given,Bonthe,Southern Area,April 2022 - March 2023,1268,,,,,
Yellow Fever doses given,Moyamba,Southern Area,April 2020 - March 2021,3665,,,,,
BCG doses given,Tonkolili,Northern Area,April 2019 - March 2020,4314,,,,,
Yellow Fever doses given,Western Area,Western Area,April 2016 - March 2017,26771,,,,,
Measles doses given,Kambia,Western Area,April 2022 - March 2023,1662,,,,,
BCG doses given,Kailahun,Eastern Area,April 2019 - March 2020,5328,,,,,
Yellow Fever doses given,Bombali,Northern Area,April 2016 - March 2017,4015,,,,,
BCG doses given,Pujehun,Eastern Area,April 2022 - March 2023,2367,,,,,
Measles doses given,Moyamba,Southern Area,April 2021 - March 2022,3403,,,,,
Measles doses given,Kono,Northern Area,April 2019 - March 2020,1951,,,,,
Measles doses given,Port Loko,Western Area,April 2021 - March 2022,4408,,,,,
Yellow Fever doses given,Pujehun,Eastern Area,April 2016 - March 2017,2528,,,,,
Yellow Fever doses given,Bo,Southern Area,April 2017 - March 2018,7532,,,,,
BCG doses given,Port Loko,Western Area,April 2016 - March 2017,5141,,,,,
BCG doses given,Kono,Northern Area,April 2024 - March 2025,1607,,,,,
Yellow Fever doses given,Moyamba,Southern Area,April 2021 - March 2022,3408,,,,,
BCG doses given,Western Area,Western Area,April 2024 - March 2025,18108,,,,,
Measles doses given,Tonkolili,Northern Area,April 2018 - March 2019,2926,,,,,
BCG doses given,Moyamba,Southern Area,April 2023 - March 2024,4543,,,,,
Yellow Fever doses given,Koinadugu,Northern Area,April 2024 - March 2025,926,,,,,
BCG doses given,Bo,Southern Area,April 2020 - March 2021,9928,,,,,
Yellow Fever doses given,Kailahun,Eastern Area,April 2022 - March 2023,4223,,,,,
Yellow Fever doses given,Western Area,Western Area,April 2022 - March 2023,24321,,,,,
BCG doses given,Bonthe,Southern Area,April 2016 - March 2017,2091,,,,,
Yellow Fever doses given,Kailahun,Eastern Area,April 2019 - March 2020,4536,,,,,
Measles doses given,Western Area,Western Area,April 2019 - March 2020,27196,,,,,
Measles doses given,Bombali,Northern Area,April 2022 - March 2023,3682,,,,,
BCG doses given,Kailahun,Eastern Area,April 2024 - March 2025,2632,,,,,
Measles doses given,Kailahun,Eastern Area,April 2019 - March 2020,4639,,,,,
Measles doses given,Koinadugu,Northern Area,April 2024 - March 2025,985,,,,,
Yellow Fever doses given,Western Area,Western Area,April 2019 - March 2020,26517,,,,,
Yellow Fever doses given,Tonkolili,Northern Area,April 2021 - March 2022,2858,,,,,
Measles doses given,Tonkolili,Northern Area,April 2021 - March 2022,2644,,,,,
Measles doses given,Bo,Southern Area,April 2015 - March 2016,7849,,,,,
Measles doses given,Moyamba,Southern Area,April 2018 - March 2019,3747,,,,,
Yellow Fever doses given,Moyamba,Southern Area,April 2018 - March 2019,3722,,,,,
Yellow Fever doses given,Bo,Southern Area,April 2015 - March 2016,7665,,,,,
BCG doses given,Tonkolili,Northern Area,April 2023 - March 2024,3866,,,,,
BCG doses given,Bo,Southern Area,April 2017 - March 2018,8121,,,,,
BCG doses given,Pujehun,Eastern Area,April 2021 - March 2022,2378,,,,,
Yellow Fever doses given,Kambia,Western Area,April 2015 - March 2016,1816,,,,,
Measles doses given,Kono,Northern Area,April 2022 - March 2023,1801,,,,,
Yellow Fever doses given,Kono,Northern Area,April 2022 - March 2023,1863,,,,,
Measles doses given,Kailahun,Eastern Area,April 2020 - March 2021,4758,,,,,
Measles doses given,Western Area,Western Area,April 2020 - March 2021,27130,,,,,
Yellow Fever doses given,Bonthe,Southern Area,April 2016 - March 2017,1357,,,,,
BCG doses given,Bo,Southern Area,April 2019 - March 2020,7910,,,,,
Measles doses given,Bombali,Northern Area,April 2024 - March 2025,2063,,,,,
Yellow Fever doses given,Bombali,Northern Area,April 2022 - March 2023,3669,,,,,
Measles doses given,Kono,Northern Area,April 2017 - March 2018,1897,,,,,
BCG doses given,Kambia,Western Area,April 2020 - March 2021,3002,,,,,
Measles doses given,Kono,Northern Area,April 2020 - March 2021,1987,,,,,
Yellow Fever doses given,Kono,Northern Area,April 2019 - March 2020,2036,,,,,
BCG doses given,Kono,Northern Area,April 2022 - March 2023,2851,,,,,
BCG doses given,Pujehun,Eastern Area,April 2018 - March 2019,2580,,,,,
Measles doses given,Bombali,Northern Area,April 2019 - March 2020,4081,,,,,
Measles doses given,Koinadugu,Northern Area,April 2022 - March 2023,1549,,,,,
Yellow Fever doses given,Kono,Northern Area,April 2024 - March 2025,1047,,,,,
Yellow Fever doses given,Moyamba,Southern Area,April 2016 - March 2017,3670,,,,,
Measles doses given,Tonkolili,Northern Area,April 2023 - March 2024,2640,,,,,
Yellow Fever doses given,Kailahun,Eastern Area,April 2017 - March 2018,4513,,,,,
Yellow Fever doses given,Western Area,Western Area,April 2017 - March 2018,26104,,,,,
BCG doses given,Koinadugu,Northern Area,April 2024 - March 2025,1152,,,,,
BCG doses given,Kambia,Western Area,April 2015 - March 2016,2986,,,,,
Measles doses given,Pujehun,Eastern Area,April 2016 - March 2017,2514,,,,,
Measles doses given,Bo,Southern Area,April 2017 - March 2018,7304,,,,,
Yellow Fever doses given,Port Loko,Western Area,April 2016 - March 2017,4123,,,,,
BCG doses given,Tonkolili,Northern Area,April 2018 - March 2019,4285,,,,,
Measles doses given,Kono,Northern Area,April 2024 - March 2025,1004,,,,,
Measles doses given,Bo,Southern Area,April 2020 - March 2021,7566,,,,,
BCG doses given,Pujehun,Eastern Area,April 2023 - March 2024,2356,,,,,
Measles doses given,Moyamba,Southern Area,April 2023 - March 2024,3389,,,,,
Yellow Fever doses given,Kono,Northern Area,April 2017 - March 2018,2017,,,,,
Yellow Fever doses given,Pujehun,Eastern Area,April 2021 - March 2022,2418,,,,,
Measles doses given,Pujehun,Eastern Area,April 2018 - March 2019,2571,,,,,
BCG doses given,Kambia,Western Area,April 2019 - March 2020,3114,,,,,
BCG doses given,Bo,Southern Area,April 2022 - March 2023,9642,,,,,
BCG doses given,Kambia,Western Area,April 2022 - March 2023,2775,,,,,
Yellow Fever doses given,Pujehun,Eastern Area,April 2018 - March 2019,2546,,,,,
Measles doses given,Western Area,Western Area,April 2015 - March 2016,26155,,,,,
Measles doses given,Tonkolili,Northern Area,April 2016 - March 2017,2851,,,,,
Yellow Fever doses given,Bo,Southern Area,April 2019 - March 2020,7343,,,,,
Yellow Fever doses given,Port Loko,Western Area,April 2018 - March 2019,4218,,,,,
Yellow Fever doses given,Kambia,Western Area,April 2020 - March 2021,1752,,,,,
BCG doses given,Moyamba,Southern Area,April 2021 - March 2022,4623,,,,,
BCG doses given,Port Loko,Western Area,April 2021 - March 2022,5050,,,,,
BCG doses given,Kono,Northern Area,April 2019 - March 2020,3148,,,,,
Measles doses given,Kailahun,Eastern Area,April 2015 - March 2016,4469,,,,,
Measles doses given,Kambia,Western Area,April 2023 - March 2024,1634,,,,,
Measles doses given,Moyamba,Southern Area,April 2016 - March 2017,3649,,,,,
BCG doses given,Bombali,Northern Area,April 2024 - March 2025,2838,,,,,
BCG doses given,Kailahun,Eastern Area,April 2017 - March 2018,5256,,,,,
Yellow Fever doses given,Kailahun,Eastern Area,April 2015 - March 2016,4400,,,,,
Measles doses given,Kailahun,Eastern Area,April 2022 - March 2023,4303,,,,,
Measles doses given,Bo,Southern Area,April 2019 - March 2020,7165,,,,,
Measles doses given,Kambia,Western Area,April 2020 - March 2021,1750,,,,,
Measles doses given,Kambia,Western Area,April 2017 - March 2018,1860,,,,,
BCG doses given,Kono,Northern Area,April 2020 - March 2021,3024,,,,,
Yellow Fever doses given,Kambia,Western Area,April 2019 - March 2020,1861,,,,,
Yellow Fever doses given,Kailahun,Eastern Area,April 2024 - March 2025,2233,,,,,
Yellow Fever doses given,Western Area,Western Area,April 2024 - March 2025,12415,,,,,
Measles doses given,Bonthe,Southern Area,April 2021 - March 2022,1268,,,,,
Yellow Fever doses given,Kono,Northern Area,April 2020 - March 2021,2028,,,,,
BCG doses given,Tonkolili,Northern Area,April 2021 - March 2022,3912,,,,,
BCG doses given,Moyamba,Southern Area,April 2018 - March 2019,5038,,,,,
BCG doses given,Bo,Southern Area,April 2015 - March 2016,10480,,,,,
BCG doses given,Port Loko,Western Area,April 2018 - March 2019,5277,,,,,
Measles doses given,Western Area,Western Area,April 2022 - March 2023,24633,,,,,
Measles doses given,Bonthe,Southern Area,April 2024 - March 2025,857,,,,,
Yellow Fever doses given,Koinadugu,Northern Area,April 2017 - March 2018,1630,,,,,
Yellow Fever doses given,Tonkolili,Northern Area,April 2018 - March 2019,3017,,,,,
Yellow Fever doses given,Bo,Southern Area,April 2022 - March 2023,7136,,,,,
Yellow Fever doses given,Bombali,Northern Area,April 2024 - March 2025,2050,,,,,
BCG doses given,Bonthe,Southern Area,April 2023 - March 2024,1883,,,,,
Measles doses given,Port Loko,Western Area,April 2016 - March 2017,4302,,,,,
Measles doses given,Pujehun,Eastern Area,April 2023 - March 2024,2329,,,,,
Yellow Fever doses given,Bo,Southern Area,April 2024 - March 2025,3539,,,,,
BCG doses given,Koinadugu,Northern Area,April 2020 - March 2021,1847,,,,,
Measles doses given,Bo,Southern Area,April 2023 - March 2024,6772,,,,,
BCG doses given,Western Area,Western Area,April 2016 - March 2017,39552,,,,,
BCG doses given,Bombali,Northern Area,April 2020 - March 2021,5365,,,,,
BCG doses given,Moyamba,Southern Area,April 2015 - March 2016,4912,,,,,
Yellow Fever doses given,Port Loko,Western Area,April 2023 - March 2024,3779,,,,,
BCG doses given,Kailahun,Eastern Area,April 2016 - March 2017,4949,,,,,
BCG doses given,Bombali,Northern Area,April 2017 - March 2018,5785,,,,,
Yellow Fever doses given,Kambia,Western Area,April 2023 - March 2024,1630,,,,,
Yellow Fever doses given,Bo,Southern Area,April 2023 - March 2024,6931,,,,,
Measles doses given,Pujehun,Eastern Area,April 2022 - March 2023,2375,,,,,
Measles doses given,Bombali,Northern Area,April 2015 - March 2016,3940,,,,,
Yellow Fever doses given,Port Loko,Western Area,April 2022 - March 2023,4003,,,,,
BCG doses given,Bombali,Northern Area,April 2016 - March 2017,5444,,,,,
BCG doses given,Western Area,Western Area,April 2017 - March 2018,39741,,,,,
BCG doses given,Tonkolili,Northern Area,April 2015 - March 2016,4258,,,,,
BCG doses given,Moyamba,Southern Area,April 2016 - March 2017,4943,,,,,
Measles doses given,Pujehun,Eastern Area,April 2019 - March 2020,2672,,,,,
Measles doses given,Port Loko,Western Area,April 2023 - March 2024,3964,,,,,
BCG doses given,Kono,Northern Area,April 2017 - March 2018,3013,,,,,
Measles doses given,Bonthe,Southern Area,April 2020 - March 2021,1353,,,,,
Yellow Fever doses given,Bonthe,Southern Area,April 2024 - March 2025,866,,,,,
Yellow Fever doses given,Pujehun,Eastern Area,April 2023 - March 2024,2326,,,,,
Measles doses given,Kono,Northern Area,April 2015 - March 2016,1896,,,,,
BCG doses given,Western Area,Western Area,April 2015 - March 2016,38620,,,,,
Measles doses given,Bonthe,Southern Area,April 2017 - March 2018,1384,,,,,
Yellow Fever doses given,Koinadugu,Northern Area,April 2018 - March 2019,1654,,,,,
Yellow Fever doses given,Kono,Northern Area,April 2016 - March 2017,2020,,,,,
BCG doses given,Tonkolili,Northern Area,April 2017 - March 2018,4311,,,,,
BCG doses given,Bombali,Northern Area,April 2015 - March 2016,5524,,,,,
BCG doses given,Koinadugu,Northern Area,April 2016 - March 2017,1838,,,,,
BCG doses given,Kailahun,Eastern Area,April 2015 - March 2016,5135,,,,,
Yellow Fever doses given,Port Loko,Western Area,April 2019 - March 2020,4734,,,,,
BCG doses given,Western Area,Western Area,April 2020 - March 2021,39366,,,,,
Measles doses given,Pujehun,Eastern Area,April 2024 - March 2025,1599,,,,,
BCG doses given,Kailahun,Eastern Area,April 2020 - March 2021,4986,,,,,
Yellow Fever doses given,Moyamba,Southern Area,April 2024 - March 2025,1651,,,,,
Yellow Fever doses given,Port Loko,Western Area,April 2024 - March 2025,2217,,,,,
BCG doses given,Kambia,Western Area,April 2021 - March 2022,2793,,,,,
BCG doses given,Kono,Northern Area,April 2021 - March 2022,2855,,,,,
Measles doses given,Kambia,Western Area,April 2016 - March 2017,1766,,,,,
BCG doses given,Moyamba,Southern Area,April 2017 - March 2018,5134,,,,,
Measles doses given,Moyamba,Southern Area,April 2015 - March 2016,3669,,,,,
BCG doses given,Pujehun,Eastern Area,April 2015 - March 2016,2585,,,,,
BCG doses given,Moyamba,Southern Area,April 2020 - March 2021,4891,,,,,
BCG doses given,Bonthe,Southern Area,April 2022 - March 2023,1884,,,,,
BCG doses given,Koinadugu,Northern Area,April 2015 - March 2016,1977,,,,,
Measles doses given,Western Area,Western Area,April 2024 - March 2025,12299,,,,,
Measles doses given,Kailahun,Eastern Area,April 2024 - March 2025,2254,,,,,
BCG doses given,Bonthe,Southern Area,April 2021 - March 2022,1885,,,,,
Measles doses given,Kailahun,Eastern Area,April 2023 - March 2024,4405,,,,,
Measles doses given,Kambia,Western Area,April 2015 - March 2016,1823,,,,,
Measles doses given,Tonkolili,Northern Area,April 2024 - March 2025,1362,,,,,
Yellow Fever doses given,Pujehun,Eastern Area,April 2022 - March 2023,2372,,,,,
BCG doses given,Tonkolili,Northern Area,April 2020 - March 2021,4108,,,,,
Measles doses given,Western Area,Western Area,April 2023 - March 2024,25006,,,,,
Yellow Fever doses given,Koinadugu,Northern Area,April 2019 - March 2020,1638,,,,,
BCG doses given,Pujehun,Eastern Area,April 2016 - March 2017,2560,,,,,
Measles doses given,Koinadugu,Northern Area,April 2019 - March 2020,1677,,,,,
Yellow Fever doses given,Tonkolili,Northern Area,April 2023 - March 2024,2752,,,,,
Yellow Fever doses given,Kambia,Western Area,April 2024 - March 2025,853,,,,,
Yellow Fever doses given,Kono,Northern Area,April 2015 - March 2016,1953,,,,,
BCG doses given,Kambia,Western Area,April 2017 - March 2018,3101,,,,,
Measles doses given,Bo,Southern Area,April 2024 - March 2025,3543,,,,,
Yellow Fever doses given,Moyamba,Southern Area,April 2023 - March 2024,3395,,,,,
BCG doses given,Port Loko,Western Area,April 2020 - March 2021,5118,,,,,
Yellow Fever doses given,Koinadugu,Northern Area,April 2022 - March 2023,1503,,,,,
BCG doses given,Kono,Northern Area,April 2018 - March 2019,3112,,,,,
BCG doses given,Tonkolili,Northern Area,April 2016 - March 2017,4192,,,,,
Yellow Fever doses given,Bombali,Northern Area,April 2019 - March 2020,4097,,,,,
Measles doses given,Bonthe,Southern Area,April 2016 - March 2017,1331,,,,,
Yellow Fever doses given,Pujehun,Eastern Area,April 2019 - March 2020,2716,,,,,
Measles doses given,Kono,Northern Area,April 2016 - March 2017,2003,,,,,
BCG doses given,Bonthe,Southern Area,April 2018 - March 2019,2073,,,,,
Measles doses given,Moyamba,Southern Area,April 2024 - March 2025,1646,,,,,
Measles doses given,Port Loko,Western Area,April 2024 - March 2025,2202,,,,,
